yield stress,elongation,1k_voltage,1k_RE,1k_IM,UTS(no),2k_RE,2k_IM,2k_time,2k_voltage,5k_RE,5k_IM,5k_time,5k_voltage
0,0,2.247535089,7.35399354,-0.617027289,412,8.101315001,-0.001526022,0,5.336141534,8.103753455,0.048709732,0,5.330770019
75.89246691,7.832161097,2.249185503,7.330924272,-0.934697188,412,8.132671679,0.148337874,3.2,5.338888533,8.084683409,0.057398913,3.2,5.329356688
161.0882509,7.825443784,2.248752678,7.367316477,-0.574722977,412,8.10156328,0.136901065,6.4,5.337461044,8.09955932,0.12540063,6.4,5.331381046
177.0212659,7.813692363,2.249833173,7.345532508,-0.862965446,412,8.110378796,0.107394108,9.6,5.335225696,8.103010643,0.153286389,9.6,5.329095341
182.1207808,7.780144023,2.247325863,7.350973829,-0.681029632,412,8.107994073,0.299747406,12.8,5.336308986,8.122078323,0.185301855,12.8,5.333563816
185.9675922,7.742729153,2.248745132,7.344525533,-0.81559528,412,8.107698646,0.103157403,16,5.335217109,8.103103971,0.089638713,16,5.3303219
189.932155,7.705921532,2.250206263,7.358278241,-0.740627429,412,8.105303756,0.178862338,19.2,5.331745322,8.084126963,0.12340475,19.2,5.327733923
193.928416,7.670275441,2.246973681,7.330445326,-0.816993508,412,8.100063684,0.31510393,22.4,5.330446328,8.095941808,0.197478764,22.4,5.324049052
198.0040467,7.635230588,2.245037241,7.329315452,-0.785081245,412,8.116780936,0.14988031,25.6,5.328979807,8.079228041,0.040979673,25.6,5.322461066
202.0658311,7.600229542,2.24317909,7.328722881,-0.825354606,412,8.112374605,0.169104885,28.8,5.326360453,8.091718787,0.020095878,28.8,5.324348875
205.9914438,7.565826731,2.241796723,7.322790168,-0.843835387,412,8.108036058,0.189515607,32,5.324795902,8.090681044,-0.038019374,32,5.318955981
209.7944582,7.531466138,2.240655797,7.324171417,-0.828684395,412,8.110793272,0.079586184,35.2,5.324856722,8.093120577,0.181138138,35.2,5.319400411
213.5049508,7.497700851,2.240064908,7.312785351,-0.839328746,412,8.085565555,0.169615215,38.4,5.323093862,8.076580601,0.213202344,38.4,5.316170852
217.0652009,7.463976176,2.240294133,7.311361964,-0.851173228,412,8.098887777,0.159421075,41.6,5.325536218,8.097382295,0.120966065,41.6,5.321231462
220.5943573,7.430843999,2.238255331,7.301127056,-1.01979119,412,8.124115018,0.118275172,44.8,5.325927159,8.100448651,0.073256553,44.8,5.31962366
223.8954596,7.398302265,2.23846761,7.316215751,-0.761865302,412,8.095571482,0.291026754,48,5.322947523,8.073827963,0.205260763,48,5.317434172
227.1339494,7.365247662,2.237060318,7.305468137,-0.843201209,412,8.090185694,0.162971121,51.2,5.322450235,8.079856781,0.071149897,51.2,5.318954476
230.2185847,7.332781976,2.236774719,7.312583612,-0.793661446,412,8.104008562,0.128283611,54.4,5.323417384,8.081486411,0.026773058,54.4,5.317622542
233.2364146,7.30035389,2.235585003,7.300270695,-0.877022024,412,8.115288638,-0.008272421,57.6,5.322639408,8.109740086,-0.15163042,57.6,5.320724404
236.144673,7.268511998,2.236439695,7.309840361,-0.856026589,412,8.091905516,-0.037102433,60.8,5.324268925,8.095054575,0.050248634,60.8,5.317561117
239.0132519,7.236706276,2.235229284,7.310711422,-0.796842447,412,8.0924602,0.280098063,64,5.321274934,8.085280648,0.111062434,64,5.317363965
241.7331269,7.204936642,2.235035548,7.301143625,-0.869038233,412,8.093119554,0.111959628,67.2,5.32140968,8.088851351,0.152489789,67.2,5.315691356
244.3682141,7.17374984,2.232501165,7.301098002,-0.798163352,412,8.093782062,0.171243562,70.4,5.320421956,8.1063117,-0.020132723,70.4,5.317891265
246.945844,7.142597736,2.232635946,7.294055972,-0.921451437,412,8.095814371,0.240702919,73.6,5.32166821,8.09305001,-0.035761691,73.6,5.319212135
249.4376223,7.111480253,2.230974978,7.308457522,-0.751054631,412,8.123552862,0.245514391,76.8,5.321430884,8.080160975,-0.137449095,76.8,5.31678435
251.9092047,7.080397313,2.232299087,7.276761808,-0.927068481,412,8.091394975,0.066281704,80,5.321991579,8.077364713,-0.003557,80,5.319185455
254.2909124,7.055337971,2.231911417,7.31585216,-0.679348049,412,8.085946326,-0.153574238,83.2,5.320850217,8.073438334,0.07846634,83.2,5.312063247
256.5907645,7.024317258,2.23092834,7.289232722,-0.897991338,412,8.096536647,0.132964399,86.4,5.321238795,8.086598237,0.055791041,86.4,5.316197784
258.9109635,6.993330874,2.229990761,7.284677461,-0.885166263,412,8.092579758,0.031299183,89.6,5.316897568,8.078420227,0.113993742,89.6,5.315519556
261.0940842,6.962921469,2.229327273,7.279347199,-0.921136282,412,8.096561052,-0.01531673,92.8,5.319135053,8.068980317,0.018229767,92.8,5.315441745
263.2457198,6.932002918,2.228684597,7.278416617,-0.91148406,412,8.088534848,0.284942362,96,5.317756661,8.077428969,0.116762965,96,5.313205984
265.3309169,6.902201559,2.228249721,7.259412721,-1.038933813,412,8.100252172,0.106592723,99.2,5.319376092,8.088805136,0.109318901,99.2,5.314041263
267.4526422,6.87189091,2.227437592,7.27611369,-0.955416793,412,8.092138346,0.284617911,102.4,5.317169879,8.071565737,-0.02392893,102.4,5.311904624
269.4774137,6.842153427,2.226807866,7.254142401,-1.075627936,412,8.06942089,0.298026373,105.6,5.318279914,8.072559044,0.052018146,105.6,5.315488977
271.4283316,6.812447494,2.226227046,7.267505469,-0.954055718,412,8.093038499,0.133644072,108.8,5.318793811,8.095494929,0.036563314,108.8,5.316915902
273.3904667,6.782233799,2.225431261,7.275966784,-0.897505478,412,8.09673288,0.145422295,112,5.319737438,8.066472276,0.074681137,112,5.31257663
275.2899157,6.752591334,2.225439453,7.27343392,-0.945926185,412,8.090530317,0.194539251,115.2,5.317705829,8.073757703,0.057916468,115.2,5.310299463
277.1383167,6.723518322,2.224624538,7.281512016,-0.782862189,412,8.082432979,0.165951318,118.4,5.317643012,8.088158256,-0.010684556,118.4,5.311556709
278.9672283,6.693937919,2.222884168,7.274649837,-0.838034513,412,8.103061818,0.216083629,121.6,5.31719019,8.074715726,0.076588732,121.6,5.313113298
280.763122,6.672981644,2.222678583,7.28252373,-0.726638212,412,8.08114602,0.132769726,124.8,5.316501295,8.070078652,-0.015170006,124.8,5.314617585
282.5009981,6.643454554,2.222047823,7.25266439,-1.021341102,412,8.096978773,0.154056051,128,5.318197704,8.048986524,0.100636643,128,5.313512578
284.2355762,6.613422566,2.221358204,7.25321667,-0.910867719,412,8.095514844,0.094032271,131.2,5.319279056,8.082276957,0.121138025,131.2,5.314176518
285.8931189,6.583422754,2.220437804,7.232346713,-1.073325401,412,8.101137712,0.119663533,134.4,5.318027577,8.081116479,0.113474198,134.4,5.312627375
287.5707808,6.553989907,2.219614626,7.249126124,-0.890760937,412,8.09394274,0.117812377,137.6,5.318146784,8.087777177,0.090592879,137.6,5.315592509
289.1981942,6.524053672,2.219712739,7.262192279,-0.871048431,412,8.080781292,0.08258806,140.8,5.317547046,8.084805801,0.028429914,140.8,5.313384195
290.7865768,6.494683133,2.219477211,7.256242302,-0.969330743,412,8.095815628,0.293949738,144,5.315580426,8.083032475,0.093603264,144,5.310472477
292.3324414,6.46534337,2.218598034,7.266072879,-0.823380582,412,8.086605868,0.156246725,147.2,5.317980119,8.077666895,0.111364289,147.2,5.314117727
293.8730246,6.436034319,2.217835944,7.244590292,-0.986849477,412,8.094721058,0.089954282,150.4,5.317956347,8.079707271,0.088777402,150.4,5.314039162
295.3877316,6.406755914,2.216905609,7.230754393,-0.972285694,412,8.097258586,0.194748959,153.6,5.31481712,8.064789028,0.013367039,153.6,5.314187572
296.871402,6.385481743,2.216605967,7.227657692,-1.040286141,412,8.090832988,0.137259532,156.8,5.318726576,8.085133556,-0.077742387,156.8,5.313454219
298.3380418,6.356256124,2.215553986,7.236420864,-0.948902003,412,8.091428011,-0.013518532,160,5.318865845,8.056735451,-0.060968492,160,5.312476769
299.7695692,6.326530439,2.215403136,7.245305438,-0.903072058,412,8.102441923,0.132723041,163.2,5.318218111,8.068983699,0.092697931,163.2,5.31230855
301.1719203,6.297366255,2.215278624,7.245787047,-0.916165524,412,8.087556874,0.067898713,166.4,5.317079542,8.07601868,0.011214454,166.4,5.31137016
302.5575995,6.268232417,2.214708771,7.245172054,-0.849144168,412,8.08265975,0.203623881,169.6,5.314519202,8.069500739,0.001098458,169.6,5.310983858
303.9293331,6.238599985,2.214683298,7.2318931,-1.004872251,412,8.106595854,0.10255726,172.8,5.317472153,8.078258877,0.08357805,172.8,5.314076636
305.2761365,6.209527196,2.21383605,7.242637697,-0.918921872,412,8.100094554,0.092876545,176,5.318170991,8.086931163,0.185932944,176,5.307780663
306.5893409,6.180484563,2.214714039,7.214248398,-1.096842124,412,8.097830184,0.131278255,179.2,5.319338899,8.091797503,0.197694984,179.2,5.312570012
307.9326591,6.151472023,2.212598149,7.216857602,-0.935601943,412,8.09224588,0.150977061,182.4,5.314290937,8.085568938,0.047452156,182.4,5.310145262
309.2107175,6.13039086,2.21270997,7.230624219,-0.953280116,412,8.093112574,0.129679517,185.6,5.316111261,8.087321581,0.004294096,185.6,5.31387671
310.4938396,6.101430151,2.21286482,7.226929099,-0.911107699,412,8.09550378,0.192192139,188.8,5.312139586,8.071990094,0.389184552,188.8,5.313281913
311.728646,6.071973629,2.210930508,7.240859562,-0.730819669,412,8.089503627,0.097935962,192,5.315554489,8.070267779,0.101879541,192,5.310038827
312.9690544,6.043073248,2.211530199,7.223244303,-0.986707854,412,8.081901936,0.063076012,195.2,5.313480893,8.074746193,-0.06807565,195.2,5.309994125
314.1545951,6.014202667,2.211427513,7.224674871,-0.938560037,412,8.102713694,0.194704096,198.4,5.317454846,8.069200079,0.171656988,198.4,5.31199849
315.3368533,5.985361822,2.209388396,7.187654724,-1.165327447,412,8.09239309,0.148212779,201.6,5.313599154,8.063700884,0.137889359,201.6,5.304340155
316.4556836,5.956550655,2.209325891,7.204861893,-0.963194762,412,8.103228955,0.024041401,204.8,5.315982012,8.067451715,0.07509644,204.8,5.309681006
317.6245466,5.927769102,2.209414589,7.226956268,-0.887600947,412,8.068513346,0.364549495,208,5.312947462,8.078787474,0.050378274,208,5.312731698
318.7140645,5.906332994,2.208725403,7.201871057,-1.005540215,412,8.096103446,-0.00848103,211.2,5.313022014,8.077125003,-0.052691599,211.2,5.313008901
319.843856,5.877602988,2.208893219,7.233365799,-0.740185805,412,8.100484501,0.154873851,214.4,5.315183035,8.082549389,0.052018278,214.4,5.309900284
320.9614608,5.848380875,2.207006401,7.197683465,-1.094172648,412,8.075693156,0.115926206,217.6,5.308618246,8.085668496,0.101615415,217.6,5.312208519
322.0143481,5.81971024,2.206139627,7.200743544,-0.992840072,412,8.083170292,0.111831328,220.8,5.312841847,8.077973139,0.010207402,220.8,5.313728829
323.0917671,5.791068933,2.207242146,7.187779028,-1.136474578,412,8.092780161,0.148255381,224,5.31570821,8.06581162,0.133115344,224,5.307707784
324.1410847,5.761936945,2.206171767,7.191166213,-1.01638114,412,8.103268825,0.108409236,227.2,5.313061171,8.066734418,-0.086297732,227.2,5.313707727
325.1762356,5.733354643,2.206291309,7.210296698,-0.9397873,412,8.09290828,0.169674668,230.4,5.316041717,8.056813693,0.081579885,230.4,5.309539024
326.255803,5.705320376,2.204327075,7.198249883,-1.002759154,412,8.089808913,0.197265373,233.6,5.313996683,8.076687839,0.080980422,233.6,5.309818687
327.2465236,5.684572334,2.204991128,7.217584207,-0.877576164,412,8.093311608,0.152446731,236.8,5.316683472,8.075315566,0.188331463,236.8,5.309909813
328.2624228,5.656068857,2.203230084,7.19770541,-0.967013767,412,8.084218719,-0.288043016,240,5.312110505,8.071452433,-0.050947463,240,5.310466824
329.2462646,5.627076916,2.203891302,7.221163358,-0.808060217,412,8.10433246,0.12826401,243.2,5.311090084,8.066270781,0.082327853,243.2,5.309615205
330.2332422,5.598114963,2.199995839,7.164519986,-1.080890501,412,8.077649887,0.091609951,246.4,5.310324686,8.0746905,0.139503712,246.4,5.309954221
331.2731424,5.569182936,2.199632327,7.174593897,-0.974959493,412,8.083011411,0.176337773,249.6,5.312763937,8.088104882,0.06266591,249.6,5.312521674
332.1821166,5.540280773,2.20060965,7.157506743,-1.145347544,412,8.117106453,0.069733742,252.8,5.314081067,8.070187782,-0.020309074,252.8,5.309738081
333.1527757,5.51192373,2.200066167,7.174609451,-0.998405035,412,8.087967324,0.18512188,256,5.312493383,8.070096978,-0.0436419,256,5.310378521
334.1010653,5.483595376,2.199925412,7.168803736,-1.138800317,412,8.099871937,0.09139167,259.2,5.31211226,8.081910749,0.042126748,259.2,5.310220801
335.0715091,5.454781378,2.200036954,7.183573882,-0.985724588,412,8.087233928,0.240875135,262.4,5.311631613,8.057577742,0.150668889,262.4,5.310502356
335.9624187,5.435759813,2.198257733,7.17588848,-1.010305653,412,8.081447018,0.115989802,265.6,5.310387316,8.075410616,-0.067205587,265.6,5.31156777
336.9409571,5.406481584,2.197493274,7.183315185,-1.024722332,412,8.106185192,0.128531283,268.8,5.313199827,8.065205795,0.104431667,268.8,5.308661421
337.8421387,5.377746792,2.197031362,7.16543977,-0.947042309,412,8.082114163,-0.039758026,272,5.310316039,8.087127881,0.048768938,272,5.308937918
338.774995,5.348529131,2.19740931,7.192062044,-0.948800464,412,8.084575834,0.158618548,275.2,5.312415064,8.055909308,-0.010522199,275.2,5.310005491
339.6660743,5.319341926,2.197247769,7.184526323,-0.903943672,412,8.101230207,0.142666497,278.4,5.314744043,8.055237318,-0.239529884,278.4,5.309044077
340.591275,5.290696375,2.19698551,7.163088504,-1.024521568,412,8.094963102,0.061270674,281.6,5.312248258,8.096901994,0.106642701,281.6,5.314872761
341.4414326,5.262080101,2.196042967,7.162810603,-0.993143382,412,8.092448228,0.173954195,284.8,5.312898272,8.056223077,-0.045895209,284.8,5.308015336
342.3491757,5.233493043,2.195374363,7.170437255,-1.045207402,412,8.096513861,0.217492928,288,5.31013263,8.05810931,-0.007544536,288,5.308462904
343.2400466,5.204935142,2.193768179,7.158462024,-1.060865741,412,8.10216579,0.036538473,291.2,5.312758832,8.075122732,0.042617128,291.2,5.309246985
344.08029,5.182517206,2.194620045,7.163971628,-1.123454943,412,8.092958996,0.124251267,294.4,5.313413418,8.08184044,0.0592813,294.4,5.311814652
344.9516204,5.153502451,2.193567983,7.147151283,-1.074207236,412,8.096027881,0.140738918,297.6,5.315616514,8.081504868,0.033007067,297.6,5.309253629
345.859194,5.12451773,2.194263955,7.163384132,-1.059535031,412,8.102288185,0.112764559,300.8,5.313822325,8.054899207,-0.191224185,300.8,5.309022546
346.6789108,5.095055272,2.193295809,7.171710784,-1.029775827,412,8.093397337,0.064899888,304,5.309729398,8.075532883,0.054375469,304,5.310994174
347.4849133,5.066638147,2.192999018,7.154183666,-1.05331483,412,8.067870186,0.068716733,307.2,5.309994083,8.072288905,-0.007519148,307.2,5.307245098
348.3210261,5.037743161,2.192668962,7.162873951,-1.008984035,412,8.10677521,0.069062016,310.4,5.315228274,8.107825443,0.034434677,310.4,5.306867879
349.1988703,5.009384112,2.191654162,7.150151753,-1.124968746,412,8.099698228,0.059750763,313.6,5.312357214,8.070790377,0.074149642,313.6,5.309888397
349.9846797,4.981053758,2.191939548,7.165844001,-0.966347323,412,8.085601029,0.200537407,316.8,5.311335379,8.072870427,0.022637008,316.8,5.309161785
350.7724668,4.959319532,2.191668941,7.130576525,-1.163828742,412,8.089100872,0.043653852,320,5.310601457,8.077105918,-0.000108527,320,5.310902357
351.607539,4.930535025,2.192371107,7.159608338,-1.004959104,412,8.098303549,0.013738053,323.2,5.313171004,8.057715682,0.082059193,323.2,5.308363403
352.3927397,4.90127587,2.190796589,7.129121778,-1.198809612,412,8.104916665,0.13091295,326.4,5.31104968,8.069794563,0.157953534,326.4,5.305029703
353.2571561,4.871543584,2.191375698,7.153621499,-1.036204053,412,8.09568439,0.099108821,329.6,5.310307633,8.065379579,0.119929091,329.6,5.305542468
354.0550831,4.842849125,2.190502664,7.129159845,-1.201569341,412,8.114808814,0.218747392,332.8,5.312065251,8.072861968,0.089099038,332.8,5.306378815
354.8201274,4.813681408,2.19013695,7.151228901,-1.02401583,412,8.110975071,0.09055889,336,5.311262092,8.056544667,0.07629843,336,5.307151003
355.5446436,4.785548276,2.190218454,7.131141266,-1.193878377,412,8.076713323,0.151951654,339.2,5.309192518,8.073338282,-0.004794062,339.2,5.30790677
356.3153804,4.762460044,2.187009014,7.152460188,-1.046170768,412,8.091369512,0.324527797,342.4,5.309679012,8.068503101,0.314835895,342.4,5.306892147
357.1553318,4.733375905,2.188628703,7.112358153,-1.212744198,412,8.079873579,-0.103098417,345.6,5.306349385,8.077412885,0.244988915,345.6,5.309263414
357.9091233,4.703821279,2.187656746,7.147598681,-1.058125918,412,8.09982841,-0.095864693,348.8,5.306772612,8.072554001,0.075799324,348.8,5.310253783
358.66976,4.674297816,2.188364538,7.148296808,-1.056941348,412,8.081463568,0.061709824,352,5.312882867,8.059804712,0.134879557,352,5.309100727
359.4348317,4.645305062,2.187136254,7.15387772,-1.00311019,412,8.120028385,-0.025062679,355.2,5.311354032,8.086461779,-0.177652932,355.2,5.30803932
360.1355076,4.616841401,2.187801431,7.166697203,-0.961635418,412,8.08754028,0.066636027,358.4,5.310904387,8.061711595,0.137205283,358.4,5.309193155
360.8944233,4.588406646,2.187054101,7.143587643,-1.0382052,412,8.095621831,0.120578387,361.6,5.312144205,8.094928236,-0.060385245,361.6,5.309364699
361.6173138,4.566476743,2.1878021,7.141686011,-1.015057859,412,8.088860286,0.221516151,364.8,5.307765665,8.060195998,0.095057945,364.8,5.307751383
362.3813123,4.537097666,2.18681942,7.14169008,-1.020169257,412,8.092476091,0.200549813,368,5.307784105,8.072225964,0.114467803,368,5.308166085
363.0492358,4.50725222,2.186649263,7.146920746,-1.010316699,412,8.096878842,0.125230576,371.2,5.309752037,8.065487761,0.206020824,371.2,5.308429075
363.8093514,4.477438553,2.186599323,7.141808155,-1.019309051,412,8.096937437,0.058250039,374.4,5.311468525,8.079513056,0.206250575,374.4,5.30719482
364.5557704,4.448648818,2.186763844,7.151656574,-1.049819784,412,8.07550516,0.355042386,377.6,5.306693704,8.075632612,0.080307157,377.6,5.310292994
365.2966366,4.419888655,2.185541784,7.123447892,-1.094452813,412,8.096511237,0.156176231,380.8,5.313650285,8.071181048,0.058132408,380.8,5.310284036
366.0123082,4.391158002,2.185147347,7.13207067,-0.992800985,412,8.099666662,0.023530047,384,5.311479105,8.060924571,0.093317541,384,5.307256709
366.654355,4.369381488,2.186594006,7.119231424,-1.088752725,412,8.088082955,0.131752867,387.2,5.310043624,8.064250367,0.019747722,387.2,5.307566903
367.4049917,4.340208381,2.186694505,7.143700558,-0.988320638,412,8.106474602,-0.014679611,390.4,5.310032174,8.07348667,-0.041316043,390.4,5.305934042
368.0616517,4.310078773,2.18534671,7.136696783,-1.017285806,412,8.094631222,0.028268182,393.6,5.305852433,8.057819726,0.054790714,393.6,5.307529659
368.7684819,4.280474203,2.185226308,7.138559341,-1.003154609,412,8.113360561,0.097442021,396.8,5.308266556,8.074610632,-0.125316086,396.8,5.31120385
369.5289109,4.250900901,2.185878837,7.1310745,-1.066286045,412,8.099743144,-0.002857311,400,5.310560656,8.062110732,-0.090383477,400,5.307518752
370.1830482,4.221850913,2.185853056,7.156904347,-0.967755657,412,8.094064268,-0.068125253,403.2,5.310281481,8.058852426,0.114858148,403.2,5.307578011
370.8627499,4.193322646,2.184580776,7.134199703,-1.039854954,412,8.088592261,-0.065535246,406.4,5.3084703,8.084304666,0.079262833,406.4,5.310160428
371.5047515,4.171208653,2.18584727,7.134816536,-1.039134276,412,8.091706845,0.095254152,409.6,5.309277981,8.053030836,0.052792981,409.6,5.309050586
372.2525223,4.141259763,2.185390323,7.127348096,-1.057861791,412,8.091670112,0.042122759,412.8,5.308377355,8.059025373,-0.14311348,412.8,5.308102133
372.9182268,4.111342872,2.184736873,7.136153862,-0.959284886,412,8.093324046,0.126827436,416,5.309371206,8.070618136,0.047253487,416,5.30763804
373.60206,4.081457423,2.182997563,7.123870196,-1.042887781,412,8.092430852,0.140338265,419.2,5.306651119,8.07102794,0.081332588,419.2,5.305417957
374.2402416,4.052093465,2.183213062,7.115485425,-1.065295766,412,8.091601376,-0.042833424,422.4,5.305645917,8.06773301,0.090630771,422.4,5.30862125
374.8920937,4.023248904,2.183897662,7.140395237,-1.045984466,412,8.097121857,0.125432549,425.6,5.308041617,8.074423472,0.178886705,425.6,5.307017408
375.6192201,3.994434027,2.185299247,7.132508423,-1.054206923,412,8.06757088,0.049231054,428.8,5.30844932,8.075133899,-0.020339749,428.8,5.309956798
376.219849,3.971501492,2.184065663,7.12786199,-0.995552805,412,8.105193592,0.047978335,432,5.309816424,8.066836244,0.005106718,432,5.307269291
376.9174364,3.941278121,2.183063952,7.130139915,-1.019098037,412,8.105580784,0.108880215,435.2,5.308282018,8.062704779,0.05376182,435.2,5.306318366
377.5188987,3.911086853,2.183104789,7.124419289,-1.098709728,412,8.081287134,0.104463157,438.4,5.308873315,8.045681627,0.023494414,438.4,5.307175042
378.1495705,3.881415241,2.184143735,7.122664007,-1.048131432,412,8.098008451,0.057582104,441.6,5.309798221,8.065532501,0.030610786,441.6,5.309084946
378.8268752,3.852260213,2.183854738,7.136723493,-1.046028839,412,8.093764276,0.097092726,444.8,5.310388881,8.069508897,0.079344208,444.8,5.307260251
379.4658743,3.823620675,2.179859751,7.090302792,-1.200246582,412,8.113565089,0.11569919,448,5.307468222,8.089403717,0.076996178,448,5.310333699
380.087891,3.799857543,2.182390715,7.123491965,-1.040802304,412,8.092557705,0.117579946,451.2,5.304979954,8.060416744,-0.0208429,451.2,5.313570669
380.7116965,3.769818781,2.182702473,7.130945325,-1.037555793,412,8.085747161,0.07775995,454.4,5.30793099,8.079036469,-0.037341965,454.4,5.311000644
381.3615336,3.73981221,2.181466387,7.121310043,-1.049951899,412,8.093442452,0.07797349,457.6,5.308491186,8.090717732,0.045413495,457.6,5.315239778
381.9959288,3.709837278,2.181300444,7.092721235,-1.20126177,412,8.091045535,0.026729281,460.8,5.305085696,8.086070803,0.067634848,460.8,5.312442128
382.6363167,3.68086075,2.179920115,7.102021393,-1.149584479,412,8.087601108,0.150420239,464,5.310593353,8.073920218,0.084900307,464,5.314010829
383.2324675,3.652395902,2.180932665,7.091701235,-1.194535168,412,8.101917285,0.007000269,467.2,5.307207507,8.078002307,0.095883193,467.2,5.31738939
383.8712795,3.628295782,2.179464565,7.104824332,-1.069611221,412,8.074428116,0.054745637,470.4,5.304449629,8.083524026,0.094768121,470.4,5.317426949
384.453976,3.597958654,2.179598409,7.092187717,-1.213159456,412,8.082888138,0.172961722,473.6,5.305545868,8.10076036,0.019519771,473.6,5.315727905
385.0915993,3.56765484,2.181318893,7.093434561,-1.09254555,412,8.092222061,0.071951775,476.8,5.306658144,8.059735155,-0.047670281,476.8,5.313881029
385.6841251,3.538344752,2.178678244,7.100287429,-1.144570022,412,8.096729573,0.041110242,480,5.305984366,8.080032959,0.03493233,480,5.315617828
386.3005278,3.509544105,2.179407987,7.114665629,-1.030855387,412,8.079616762,0.03034964,483.2,5.307120102,8.067974709,0.041567509,483.2,5.313669735
386.8933627,3.481253278,2.179460369,7.086552173,-1.190010594,412,8.078738339,0.191376727,486.4,5.307080878,8.060679419,0.097636233,486.4,5.314056833
387.5319199,3.457299951,2.178293279,7.102217272,-1.044151892,412,8.102916299,0.227282205,489.6,5.307099163,8.082829499,0.090453291,489.6,5.314748299
388.0935933,3.426669564,2.177568197,7.092637044,-1.13781874,412,8.086835527,0.185490863,492.8,5.30447842,8.070644669,0.05208519,492.8,5.313522293
388.668949,3.396550467,2.178087714,7.110678059,-1.063292301,412,8.072785593,0.254438746,496,5.304834008,8.087299691,0.045123845,496,5.315162626
389.2722846,3.36694105,2.178775507,7.090220957,-1.185598592,412,8.096564004,0.079878585,499.2,5.312318001,8.066106382,-0.126832634,499.2,5.31240642
389.907476,3.337839729,2.178226076,7.125413138,-0.989764827,412,8.079716872,0.013698941,502.4,5.306655858,8.080378417,0.027135601,502.4,5.315455648
390.4515104,3.314961575,2.17892155,7.088040874,-1.173153378,412,8.076928084,-0.002297385,505.6,5.30949886,8.075139526,-0.019444093,505.6,5.317915502
391.0190592,3.284485942,2.1792475,7.119266552,-1.061013602,412,8.075424504,0.324834535,508.8,5.303288205,8.069067972,-0.028846419,508.8,5.316812451
391.5849102,3.254043918,2.177361618,7.087531118,-1.163459459,412,8.0855949,0.225756907,512,5.306196663,8.099301038,0.051614737,512,5.315981274
392.1883937,3.224110317,2.177262499,7.109777397,-1.014860105,412,8.079257004,-0.156260815,515.2,5.302894011,8.084991152,0.01339479,515.2,5.316873049
392.7784793,3.194208208,2.177289214,7.102419022,-1.101961918,412,8.088311503,0.103699873,518.4,5.3063175,8.074754958,0.133108707,518.4,5.314854003
393.3242347,3.165285769,2.178109596,7.115437487,-1.001671486,412,8.097961851,-0.03633148,521.6,5.309864795,8.076094896,0.055239953,521.6,5.313285573
393.9139928,3.136866584,2.178311718,7.113591984,-1.097329935,412,8.088690663,0.083217931,524.8,5.309532878,8.067192189,0.114883161,524.8,5.315874463
394.4477481,3.112732935,2.177385165,7.126875549,-0.898958316,412,8.077821586,0.151921174,528,5.306146545,8.089053301,-0.305125009,528,5.31530216
394.964976,3.082004009,2.176707117,7.097544795,-1.114510257,412,8.103325524,0.076617521,531.2,5.304593834,8.067497851,0.015087822,531.2,5.313490117
395.5306474,3.051309715,2.177491691,7.103759995,-1.062715312,412,8.086671105,0.107744157,534.4,5.305982551,8.085265563,-0.023648716,534.4,5.311973838
396.0356226,3.022062951,2.176733377,7.102110681,-1.065308173,412,8.102580545,-0.070139169,537.6,5.305584924,8.084102734,0.077795934,537.6,5.313483738
396.6477999,2.992846233,2.176077999,7.110257957,-0.996560116,412,8.076238147,0.201657187,540.8,5.304814461,8.074627915,0.033129005,540.8,5.313185077
397.1748847,2.964601914,2.175198818,7.092730116,-1.076187024,412,8.084439346,0.13883131,544,5.30685511,8.087161081,0.181309998,544,5.314900792
397.7503173,2.938735391,2.176841925,7.094719749,-1.088944162,412,8.0842714,0.122589669,547.2,5.311298135,8.07147678,0.084279096,547.2,5.310806573
398.2770909,2.908197664,2.176389552,7.113511211,-1.027018965,412,8.088693831,0.182275585,550.4,5.306707579,8.079541417,0.167763987,550.4,5.316118147
398.8200636,2.878161793,2.175803086,7.126738865,-0.96403703,412,8.089827846,0.094674091,553.6,5.308070319,8.068309065,0.160850706,553.6,5.314508267
399.2994626,2.848626198,2.175778529,7.100233851,-1.059079914,412,8.095953462,0.065265256,556.8,5.310220251,8.07111051,0.032172334,556.8,5.313142632
399.8787968,2.819590737,2.176354091,7.10760929,-1.023814333,412,8.083405473,0.377905038,560,5.30621336,8.069974759,0.154021234,560,5.312755231
400.3926709,2.796196578,2.175775061,7.094022904,-1.08183289,412,8.088170393,0.122501278,563.2,5.307322079,8.07579203,0.154350186,563.2,5.311447157
400.8878322,2.765813362,2.176329633,7.076378055,-1.220669867,412,8.076213724,0.022290924,566.4,5.305455077,8.077981199,0.137007729,566.4,5.315151562
401.4156088,2.73499641,2.175597811,7.100199257,-1.030840413,412,8.081745183,0.115139086,569.6,5.303936114,8.065609196,0.230196107,569.6,5.31609066
401.9368673,2.705145661,2.17487462,7.086661326,-1.157325883,412,8.103875423,-0.019895733,572.8,5.303518697,8.078636479,0.109184645,572.8,5.31422512
402.4621999,2.675792379,2.175090795,7.097851867,-1.079889418,412,8.084664643,0.224281531,576,5.304470279,8.065609971,-0.027499785,576,5.314817703
402.9501266,2.646469836,2.17504658,7.07736391,-1.166664895,412,8.090172966,-0.093524472,579.2,5.308521733,8.074965337,0.064865815,579.2,5.313650763
403.4151475,2.622290215,2.174064407,7.112714747,-0.995522364,412,8.097064057,0.017142263,582.4,5.307323669,8.081771934,0.052429102,582.4,5.314618482
403.9912956,2.592095022,2.173204608,7.079193609,-1.157279061,412,8.09518464,0.096996158,585.6,5.306882381,8.072151513,0.03590203,585.6,5.31615652
404.4287558,2.561004789,2.174762616,7.103696919,-1.033857637,412,8.085659963,0.094532474,588.8,5.306846448,8.078927749,0.017512057,588.8,5.311504917
404.9486537,2.531338859,2.174770561,7.091567254,-1.080754457,412,8.088719034,0.061486572,592,5.303988842,8.045659417,-0.072490408,592,5.311250894
405.4081423,2.501704326,2.173839245,7.08331456,-1.120035951,412,8.100543779,0.073815596,595.2,5.304784153,8.053327681,0.052457068,595.2,5.312768383
405.929592,2.472563435,2.174608181,7.102915056,-1.060561242,412,8.08469241,-0.046257821,598.4,5.304159645,8.087046329,0.066196157,598.4,5.312970834
406.3508414,2.451305099,2.1739473,7.109307545,-0.938719061,412,8.093081558,0.058535703,601.6,5.304719568,8.076740038,0.320375683,601.6,5.315381865
406.8904463,2.420832172,2.173925834,7.115930617,-1.018101186,412,8.106785353,0.095792806,604.8,5.308580383,8.068513627,0.077092303,604.8,5.314168829
407.3483684,2.389931418,2.173412079,7.104972564,-0.958038082,412,8.09301171,0.000601104,608,5.305972925,,,,
407.7746757,2.359064729,2.173179631,7.100785625,-1.076364038,412,8.088390928,0.061188201,611.2,5.306871735,,,,
408.2274972,2.32869197,2.173821114,7.114113365,-1.019288776,412,8.099504135,0.155246686,614.4,5.303135043,,,,
408.7260464,2.299271028,2.173240366,7.1002485,-1.072079738,412,8.073495583,0.385554457,617.6,5.305879443,,,,
409.1824321,2.27033995,2.174393872,7.105093,-1.081680683,412,8.089945012,0.09940559,620.8,5.303730101,,,,
409.6173569,2.241438734,2.172940645,7.097806127,-1.031151079,412,8.07941659,0.057030763,624,5.303843858,,,,
410.053782,2.218064341,2.172061685,7.074409941,-1.161203949,412,8.07186712,-0.162875365,627.2,5.304119978,,,,
410.4980367,2.186928807,2.17359105,7.094420669,-1.063176395,412,8.100619738,0.045712613,630.4,5.304250565,,,,
410.9040625,2.155827856,2.173384538,7.091252454,-1.141218116,412,8.104511261,0.08483515,633.6,5.304136183,,,,
411.3748697,2.12567464,2.17299304,7.110866388,-1.0426904,412,8.099151125,0.008442129,636.8,5.307461363,,,,
411.7988527,2.096466135,2.172811263,7.095686614,-1.076330415,412,8.094402931,0.17856233,640,5.304761299,,,,
412.2371373,2.066832402,2.17207391,7.074516039,-1.110317526,412,8.091836344,0.201328102,643.2,5.304978986,,,,
412.6685381,2.044058545,2.171936955,7.101744634,-1.082029005,412,8.086699787,0.077765849,646.4,5.304850546,,,,
,2.013115796,2.171064801,7.098107832,-1.003840747,412,8.090151753,0.108842087,649.6,5.30400283,,,,
,,2.171501406,7.092875598,-1.102271242,,8.09726845,-0.203436299,652.8,5.302979558,,,,
,,2.171841119,7.096049004,-0.975116183,,8.101607717,0.112283688,656,5.306550235,,,,
,,2.17246243,7.108218595,-1.042923147,,8.091425374,0.133842487,659.2,5.307082987,,,,
,,2.172023612,7.085421405,-1.053075282,,8.090801668,-0.174614895,662.4,5.305316937,,,,
,,2.172717453,7.091722375,-1.063719746,,8.107663355,0.063988697,665.6,5.30973096,,,,
,,,,,,8.088751899,-0.087829299,668.8,5.303114675,,,,
